aootype,aookey,aooname,expend,charity_count,subsidiary_count,income
A,1.0,THROUGHOUT ENGLAND AND WALES,5747521536.887669,11876,14934,5903583337.279454
A,2.0,THROUGHOUT ENGLAND,631346189.4547944,1893,2321,639607814.958904
A,3.0,THROUGHOUT WALES,8130004.10410959,1938,2194,7665385.2876712335
A,4.0,THROUGHOUT LONDON,256357554.4520548,1918,2264,275122743.6547945
B,1.0,BRACKNELL FOREST,46221976.84109589,278,408,51873469.92054795
B,2.0,WEST BERKSHIRE,37191002.854794525,380,476,40012048.68493151
B,3.0,READING,28476998.115068495,360,465,30491423.761643834
B,4.0,SLOUGH,2556447.0356164384,278,332,2689224.6383561646
B,5.0,WINDSOR AND MAIDENHEAD,2721395.1369863013,315,395,2784320.805479452
B,6.0,WOKINGHAM,5937884.882191781,307,396,6585857.909589041
B,7.0,BARKING AND DAGENHAM,22883871.057534244,160,195,24043552.94520548
B,8.0,BARNET,20668307.158904113,286,314,23157567.243835617
B,9.0,BEXLEY,44646798.690410964,128,229,50404664.008219175
B,10.0,BRENT,20951675.504109588,198,364,22257347.934246574
B,11.0,BROMLEY,14629095.567123288,235,330,11846211.038356166
B,12.0,CAMDEN,49919977.70136986,268,371,55372587.32602739
B,13.0,CITY OF LONDON,42299984.58630137,227,592,35734977.65753424
B,14.0,CITY OF WESTMINSTER,138091833.54520547,273,480,146298171.62465754
B,15.0,CROYDON,1794447.5397260278,269,295,1421441.8630136987
B,16.0,EALING,19277609.073972605,196,234,21679019.764383562
B,17.0,ENFIELD,129339.6712328767,184,197,136411.24383561645
B,18.0,GREENWICH,14666786.810958903,225,301,12027885.928767124
B,19.0,HACKNEY,3852945.476712329,319,380,4471531.128767123
B,20.0,HAMMERSMITH AND FULHAM,34889096.05479452,161,169,39478473.82739726
B,21.0,HARINGEY,30711150.852054793,269,316,33135247.298630137
B,22.0,HARROW,18192867.69589041,162,174,19863285.454794522
B,23.0,HAVERING,1825306.7287671233,135,174,1447874.7589041097
B,24.0,HILLINGDON,14683979.397260275,160,177,16458215.698630137
B,25.0,HOUNSLOW,1707476.4657534247,168,195,2381916.093150685
B,26.0,ISLINGTON,31825281.619178083,254,317,34246531.91780822
B,27.0,KENSINGTON AND CHELSEA,26074958.021917813,200,364,27642241.832876716
B,28.0,KINGSTON UPON THAMES,12962085.120547947,119,163,21102216.14520548
B,29.0,LAMBETH,5495056.290410958,313,356,6287491.098630137
B,30.0,LEWISHAM,40370939.761643834,270,333,46325330.4
B,31.0,MERTON,5288060.769863013,162,214,5504401.939726028
B,32.0,NEWHAM,29367417.284931507,239,257,14771958.498630136
B,33.0,REDBRIDGE,1089057.4739726027,188,266,851790.4082191781
B,34.0,RICHMOND UPON THAMES,15936069.54520548,180,241,24411243.191780824
B,35.0,SOUTHWARK,59718783.613698624,322,412,65037868.93424658
B,36.0,SUTTON,999022.7561643835,115,136,811218.5753424658
B,37.0,TOWER HAMLETS,52156277.967123285,264,349,38154550.06027397
B,38.0,WALTHAM FOREST,28761264.0,192,318,14073255.0
B,39.0,WANDSWORTH,4841222.94520548,196,208,5569557.706849315
B,40.0,BOLTON,26503090.336986303,382,550,29065093.498630136
B,41.0,BURY,13153339.38630137,364,427,13279899.265753426
B,42.0,MANCHESTER CITY,47581618.7890411,763,955,50746828.95616438
B,43.0,OLDHAM,9097447.40821918,390,457,8379680.695890412
B,44.0,ROCHDALE,9271036.073972601,312,402,8551342.4
B,45.0,SALFORD CITY,1250879.112328767,378,390,1404345.8410958904
B,46.0,STOCKPORT,318092.6383561644,381,417,283384.00821917807
B,47.0,TAMESIDE,8146163.430136986,349,385,8000704.043835618
B,48.0,TRAFFORD,10879.112328767123,318,344,15345.841095890411
B,49.0,WIGAN,16291181.942465754,356,485,16411077.871232877
B,50.0,KNOWSLEY,17061696.21917808,360,523,17549676.536986303
B,51.0,LIVERPOOL CITY,24862924.167123288,682,936,24430736.02739726
B,52.0,SEFTON,21065054.112328768,463,646,21468196.712328766
B,53.0,ST HELENS,17358153.2630137,377,547,17822387.871232875
B,54.0,WIRRAL,17158105.21917808,500,736,18367602.016438358
B,55.0,BARNSLEY,441627.1369863014,349,399,428138.2356164383
B,56.0,DONCASTER,580092.1835616438,379,465,1648127.898630137
B,57.0,ROTHERHAM,741624.1369863014,322,398,1682218.2356164383
B,58.0,SHEFFIELD CITY,5255060.934246575,627,663,5448089.805479452
B,59.0,GATESHEAD,3976224.3643835615,411,450,4054133.920547945
B,60.0,NEWCASTLE UPON TYNE CITY,14996435.704109587,520,563,14580960.117808217
B,61.0,NORTH TYNESIDE,6038518.284931508,374,410,5425815.208219179
B,62.0,SOUTH TYNESIDE,5229309.093150685,331,362,3846702.3315068493
B,63.0,SUNDERLAND,7797209.413698631,391,420,6954136.419178083
B,64.0,BIRMINGHAM CITY,51896636.10958905,1082,1537,51329348.40547946
B,65.0,COVENTRY CITY,8652462.306849316,522,581,9227037.857534247
B,66.0,DUDLEY,10028500.906849315,539,612,10435264.043835618
B,67.0,SANDWELL,11315464.556164384,490,540,11868720.865753425
B,68.0,SOLIHULL,23633241.024657536,458,784,31539261.191780824
B,69.0,WALSALL,7285452.265753425,498,549,7950619.975342466
B,70.0,WOLVERHAMPTON,10907931.715068493,543,614,11037381.419178082
B,71.0,BRADFORD CITY,11614357.731506849,612,711,12352015.14520548
B,72.0,CALDERDALE,834171.5863013698,443,489,1182896.7452054794
B,73.0,KIRKLEES,5741450.372602738,580,650,6860386.580821918
B,74.0,LEEDS CITY,36563322.101369865,744,839,37090108.46849315
B,75.0,CITY OF WAKEFIELD,565945.1534246575,448,507,525282.4493150685
B,76.0,NOTTINGHAM CITY,1212720.4082191782,290,344,1363245.290410959
B,101.0,CENTRAL BEDFORDSHIRE,223141634.63561645,521,645,254094639.2410959
B,102.0,BUCKINGHAMSHIRE,287138223.2438356,886,1102,323041199.2273973
B,103.0,CAMBRIDGESHIRE,47919189.98630137,970,1134,55561673.0
B,104.0,CHESHIRE EAST,39029759.158904105,847,1133,39980093.610958904
B,105.0,CORNWALL,11024732.605479453,930,1048,14354706.978082193
B,106.0,CUMBRIA,4695444.021917809,1022,1197,4582484.002739726
B,107.0,DERBYSHIRE,33869317.18082191,1077,1320,38924550.624657534
B,108.0,DEVON,12666885.8630137,1512,1791,14797511.863013703
B,109.0,DORSET,38888517.901369855,975,1058,43889540.31232876
B,110.0,DURHAM,14234644.265753424,722,827,13343350.42739726
B,111.0,EAST SUSSEX,65054503.13698631,985,1073,69828499.76438355
B,112.0,ESSEX,41526570.01643837,1721,1979,44510278.66575343
B,113.0,GLOUCESTERSHIRE,102200364.54520547,1045,1302,108812865.32602741
B,114.0,HAMPSHIRE,43328614.58630138,1508,1767,46635085.290410966
B,115.0,HERTFORDSHIRE,121496571.98630136,1197,1480,136791009.09041095
B,116.0,ISLE OF WIGHT,81488.03835616438,276,287,55580.687671232874
B,117.0,KENT,81948658.86849314,1994,2269,93799205.31780821
B,118.0,LANCASHIRE,51474408.884931505,1563,1906,52693640.02465755
B,119.0,LEICESTERSHIRE,13166602.783561641,977,1148,13787433.079452056
B,120.0,LINCOLNSHIRE,22490881.98082192,1027,1165,23511493.605479456
B,121.0,NORFOLK,19130427.501369864,1311,1520,20951600.901369862
B,122.0,NORTH YORKSHIRE,54000836.295890406,1299,1559,53589222.13424658
B,123.0,NORTHAMPTONSHIRE,230429513.4821918,819,911,261475102.16164386
B,124.0,NORTHUMBERLAND,8179229.189041098,645,776,7776627.273972603
B,125.0,NOTTINGHAMSHIRE,29491792.12876712,892,990,30390473.975342464
B,126.0,OXFORDSHIRE,55441050.11506848,1014,1347,60102010.4520548
B,127.0,POWYS,53481.12602739726,187,240,56569.2602739726
B,128.0,SHROPSHIRE,14656650.315068495,671,814,15427970.857534247
B,129.0,SOMERSET,21712308.526027404,1142,1274,22525506.23835616
B,130.0,STAFFORDSHIRE,22420097.61369863,1098,1550,22324498.05479452
B,131.0,SUFFOLK,43174681.9890411,1222,1393,50817520.786301374
B,132.0,SURREY,101812848.09863013,1596,1878,107092454.30958904
B,133.0,WARWICKSHIRE,51051990.400000006,840,930,55015535.12328767
B,134.0,WEST SUSSEX,80234118.38082191,995,1188,72655540.15342467
B,135.0,WILTSHIRE,28165821.038356163,981,1121,34041215.64657534
B,136.0,NORTH SOMERSET,40942277.17260274,345,539,40022996.24383562
B,137.0,BATH AND NORTH EAST SOMERSET,27309646.42739726,415,567,29056000.82191781
B,138.0,SOUTH GLOUCESTERSHIRE,14071313.18630137,365,556,12912917.276712328
B,139.0,BRISTOL CITY,44175424.38630137,587,937,42415736.45205479
B,140.0,HARTLEPOOL,1451138.0,142,144,4366.0
B,141.0,MIDDLESBROUGH,423327.0,192,199,402718.0
B,142.0,REDCAR AND CLEVELAND,423327.0,194,196,402718.0
B,143.0,STOCKTON-ON-TEES,1273118.0,206,212,999343.0
B,144.0,KINGSTON UPON HULL CITY,9447369.70410959,204,228,10103196.715068493
B,145.0,NORTH LINCOLNSHIRE,9463704.063013699,221,271,11144209.084931506
B,146.0,NORTH EAST LINCOLNSHIRE,441984.8383561644,178,214,1537319.5506849315
B,147.0,EAST RIDING OF YORKSHIRE,10697103.761643836,517,578,11519556.054794522
B,148.0,CONWY,209025.75342465754,118,141,283744.4821917808
B,149.0,ISLE OF ANGLESEY,223624.45205479453,72,83,306891.8273972603
B,150.0,BLAENAU GWENT,188765.0,68,68,304788.0
B,151.0,BRIDGEND,,107,115,
B,152.0,CAERPHILLY,188765.0,124,130,304788.0
B,153.0,CARDIFF,1944976.0,231,251,1629927.0
B,154.0,CEREDIGION,119892.26575342465,109,115,132215.35616438356
B,155.0,CARMARTHENSHIRE,73079.9698630137,175,206,98910.5808219178
B,156.0,DENBIGHSHIRE,214668.25205479452,120,147,293767.94520547945
B,157.0,FLINTSHIRE,216532.75342465754,123,147,304147.4821917808
B,158.0,MERTHYR TYDFIL,,73,80,
B,159.0,MONMOUTHSHIRE,22442032.84931507,110,143,22410075.463013697
B,160.0,NEATH PORT TALBOT,,112,118,
B,161.0,NEWPORT CITY,2216.0,85,86,3060.0
B,162.0,PEMBROKESHIRE,37663.22465753424,129,139,44233.34794520548
B,163.0,PLYMOUTH CITY,7484025.367123287,246,292,9780635.449315067
B,164.0,CITY OF SWANSEA,96844.0,123,123,96026.0
B,165.0,VALE OF GLAMORGAN,1944464.0,138,150,1629326.0
B,166.0,THURROCK,652028.3616438357,83,92,582037.6849315069
B,167.0,WREXHAM,253424.77808219177,118,127,323696.7232876712
B,168.0,HALTON,37666.94794520548,118,128,48860.71232876713
B,169.0,GWYNEDD,796029.3232876712,134,152,740761.0602739726
B,170.0,CITY OF YORK,12426419.375342466,217,256,13194824.62739726
B,171.0,TORFAEN,,73,73,
B,172.0,WARRINGTON,15631717.852054795,175,223,15729394.66849315
B,173.0,RHONDDA CYNON TAFF,5143.868493150685,168,174,8360.032876712328
B,174.0,LUTON,112585.22465753424,129,137,146040.78630136984
B,175.0,MILTON KEYNES,222556224.79726028,224,275,253467723.2410959
B,176.0,DERBY CITY,9542458.161643835,147,184,9925390.964383563
B,177.0,BOURNEMOUTH,6319500.0,174,177,8667002.58630137
B,178.0,POOLE,23364614.526027396,133,133,27965858.797260273
B,179.0,DARLINGTON,2380256.0,133,138,733709.0
B,180.0,BRIGHTON AND HOVE,13443849.09589041,245,257,14066519.767123288
B,181.0,SOUTHAMPTON CITY,345069.22739726026,167,169,274922.4931506849
B,182.0,PORTSMOUTH CITY,440306.80273972603,148,154,360755.0493150685
B,183.0,LEICESTER CITY,14717433.895890413,199,281,15380174.48219178
B,184.0,RUTLAND,34548419.484931506,122,186,35817455.44931507
B,185.0,STOKE-ON-TRENT CITY,14650.64109589041,142,152,10302.271232876712
B,186.0,SWINDON,484203.77260273974,166,175,1036719.1479452054
B,187.0,BLACKBURN WITH DARWEN,1058365.1095890412,118,183,745119.5863013698
B,188.0,BLACKPOOL,14327.0,101,106,14593.0
B,189.0,SOUTHEND-ON-SEA,4349153.7534246575,115,118,4568371.219178082
B,190.0,TELFORD & WREKIN,510703.3041095891,168,179,596182.6
B,191.0,PETERBOROUGH CITY,860243.0191780822,150,169,901967.1260273972
B,192.0,HEREFORDSHIRE,21436432.693150684,446,547,23006818.797260277
B,193.0,WORCESTERSHIRE,8775232.498630136,805,910,9347006.652054796
B,194.0,MEDWAY,485878.4767123288,155,176,484812.8356164383
B,195.0,ISLES OF SCILLY,871306.0,22,56,681524.0
B,196.0,TORBAY,8188993.627397261,150,160,9689692.208219178
B,197.0,CHESHIRE WEST & CHESTER                           ,65047260.460273966,836,1095,72174724.18082191
B,198.0,BEDFORD,632119.9068493152,542,658,689041.7890410959
D,1.0,AFGHANISTAN,1407360399.0630133,144,398,1427154987.6958904
D,2.0,ALBANIA,1062983214.7095891,149,170,1063805430.1260275
D,3.0,ALGERIA,1066751646.3589042,107,118,1062520524.1589041
D,5.0,ANDORRA,7528004.205479451,78,81,8519220.610958904
D,6.0,ANGOLA,81608956.09589042,132,143,83747427.33150686
D,9.0,ANTIGUA AND BARBUDA,15941499.208219182,83,114,17859890.430136994
D,10.0,ARGENTINA,1124084785.6246572,139,399,1123006859.5452056
D,11.0,ARMENIA,1014766020.7424659,103,113,1008148172.0931507
D,13.0,AUSTRALIA,1322898810.463013,270,482,1331978150.0849316
D,14.0,AUSTRIA,1027768502.7917808,167,185,1021831270.1753427
D,15.0,AZERBAIJAN,1208995862.2054794,109,127,1214166665.279452
D,17.0,BAHAMAS,179043166.70410958,85,128,188169616.5671233
D,18.0,BAHRAIN,1188393139.0164382,87,94,1191578595.369863
D,19.0,BANGLADESH,2033676857.745205,337,878,2077326761.361644
D,20.0,BARBADOS,176082703.84383562,93,125,186484162.93424657
D,21.0,BELARUS,27674117.08219178,112,122,30254729.55342466
D,22.0,BELGIUM,1351336624.361644,227,341,1356261477.3616433
D,23.0,BELIZE,18437997.695890408,87,123,20170620.271232884
D,24.0,BENIN,218914996.42465755,126,135,219609901.01643836
D,26.0,BHUTAN,555349.8493150685,90,93,1050196.9068493152
D,27.0,BOLIVIA,23956393.684931505,113,360,27355780.468493156
D,28.0,BOSNIA-HERZEGOVINA,1005157849.010959,134,144,999768011.4027398
D,29.0,BOTSWANA,1218583765.8246574,170,267,1216130978.3232877
D,30.0,BRAZIL,1165095161.0328767,229,714,1171258575.2794523
D,31.0,BRUNEI,1267131723.2246573,80,114,1266356933.3753426
D,32.0,BULGARIA,1188157826.9835615,151,414,1197334374.7123287
D,33.0,BURKINA FASO,277657886.8493151,135,147,280948256.2356164
D,34.0,BURUNDI,42118210.15616438,138,385,42050236.05479452
D,35.0,CAMBODIA,23264778.849315066,154,165,25132615.90684932
D,36.0,CAMEROON,1701902044.5123284,186,232,1728060361.1945205
D,37.0,CANADA,1289037512.0082185,272,387,1290111699.249315
D,38.0,CAPE VERDE,6604943.383561643,91,94,4717755.405479452
D,40.0,CENTRAL AFRICAN REPUBLIC,75440093.17534247,120,131,77223136.77808219
D,41.0,CHAD,85660353.85479453,110,132,88913824.44109589
D,42.0,CHILE,1096003226.7643833,121,380,1093418628.8931508
D,43.0,CHINA,1456614984.3424656,235,556,1469233268.5452054
D,44.0,COLOMBIA,1011946102.041096,133,143,1006709696.6082191
D,45.0,COMOROS,5725349.849315068,81,84,3704196.906849315
D,46.0,REPUBLIC OF CONGO,17480676.12328767,146,155,19252051.561643843
D,48.0,COSTA RICA,70498452.77534248,86,102,71346708.90684932
D,49.0,CROATIA,1033617262.8657535,143,184,1028463352.5041097
D,50.0,CUBA,1007639704.7260275,85,94,1002424684.849315
D,51.0,CYPRUS,1403516462.1643834,155,496,1412038857.2821918
D,52.0,CZECH REPUBLIC,1280695530.5972602,162,190,1283137164.715068
D,53.0,DENMARK,1050452927.4082191,173,202,1044414715.0767125
D,54.0,DJIBOUTI,399130988.38630146,109,115,421583433.2383562
D,55.0,DOMINICA,462853073.15890414,85,121,490100851.1534246
D,56.0,DOMINICAN REPUBLIC,17427309.849315066,86,95,19203196.90684932
D,57.0,ECUADOR,76826147.10958906,118,367,82753588.68767124
D,58.0,EGYPT,1255794852.8739724,173,601,1265224770.2575343
D,59.0,EL SALVADOR,36415166.28767122,94,116,38868153.07123288
D,60.0,EQUATORIAL GUINEA,8771489.84931507,86,90,6774874.906849314
D,61.0,ERITREA,32037848.83561644,108,117,30068911.591780826
D,62.0,ESTONIA,1011651592.7780823,113,123,1006653240.0082192
D,63.0,ETHIOPIA,1244468058.4849312,271,521,1252730294.3945203
D,66.0,FIJI,27912000.06849315,84,146,28244333.057534255
D,67.0,FINLAND,1018358864.7232877,146,160,1013711993.7561644
D,68.0,FRANCE,1624572621.0520546,400,773,1652176268.4931507
D,71.0,GABON,22650676.12328767,109,118,21906051.561643843
D,72.0,GAMBIA,411825877.72328776,220,261,426079843.1698629
D,74.0,GEORGIA,1021453116.9123288,108,356,1016438280.2054795
D,75.0,GERMANY,1474172449.1123288,333,434,1472200492.687671
D,76.0,GHANA,1612986818.4136982,415,932,1635567727.5808218
D,78.0,GREECE,1352233482.369863,235,272,1364900507.0630133
D,80.0,GRENADA,151298930.13424656,81,114,160549408.260274
D,83.0,GUATEMALA,36714848.983561635,96,108,39185996.8739726
D,85.0,GUINEA,488079195.78356165,114,136,505585255.6986301
D,86.0,GUINEA-BISSAU,205020508.32602742,97,101,204470753.66849315
D,87.0,GUYANA,179664039.48767123,111,185,190964867.04383564
D,88.0,HAITI,293081720.39178085,130,151,310413281.969863
D,89.0,HONDURAS,36415166.28767122,89,98,38868153.07123288
D,91.0,HUNGARY,1060360081.6027398,150,188,1057920691.0739728
D,92.0,ICELAND,97832990.64657535,100,120,103739663.93424658
D,93.0,INDIA,1776762807.843835,819,1427,1794756040.8547947
D,94.0,INDONESIA,1409727113.9835615,191,524,1416500770.7534244
D,95.0,IRAN,1129119762.6602738,107,114,1132302122.868493
D,96.0,IRAQ,1266957648.1835616,159,170,1277000247.8821917
D,97.0,ISRAEL,1138072938.7315066,356,628,1139032637.2876713
D,98.0,ITALY,1436243329.1890411,269,342,1446430269.3917809
D,99.0,IVORY COAST,480673003.47671235,139,150,496787595.0383561
D,100.0,JAMAICA,1240555468.4520547,149,239,1251968996.5534246
D,101.0,JAPAN,1307678691.8958902,144,434,1316531236.7534246
D,103.0,JORDAN,1233289756.868493,160,408,1240116133.947945
D,104.0,KAZAKHSTAN,1199941059.7671232,92,117,1205265746.6931505
D,105.0,KENYA,1948272182.9178076,611,1084,1975968420.1726031
D,106.0,KIRIBATI,6144993.684931506,69,141,3777703.7561643836
D,107.0,KUWAIT,1223953272.7589042,97,107,1229078707.7315068
D,108.0,KYRGYZSTAN,18456303.580821913,86,96,20354602.515068498
D,109.0,LAOS,17420349.849315066,103,112,19196196.90684932
D,110.0,LATVIA,1017643340.2876712,117,130,1013379981.6493151
D,111.0,LEBANON,1431923709.435616,157,419,1457951968.958904
D,112.0,LESOTHO,457081639.67671233,122,310,485592597.4410958
D,113.0,LIBERIA,639384141.1315069,148,219,656810657.2246577
D,114.0,LIBYA,989278186.2493153,98,101,982489485.3095891
D,115.0,LIECHTENSTEIN,1434943.383561644,80,83,2063755.405479452
D,116.0,LITHUANIA,1021174893.8630137,115,125,1014940780.041096
D,117.0,LUXEMBOURG,89146972.9150685,111,117,91295836.62465756
D,119.0,MACEDONIA,1005238185.3835617,117,127,999848734.4054794
D,120.0,MADAGASCAR,96674110.41095892,137,634,97008940.53972603
D,122.0,MALAWI,1453340813.4027395,270,504,1462538433.090411
D,123.0,MALAYSIA,1374657631.4164376,163,527,1383666444.1260276
D,124.0,MALDIVES,143861141.6191781,82,113,150897945.26849318
D,125.0,MALI,271845076.12328774,120,131,275063563.8904109
D,126.0,MALTA,1298145352.1835616,137,478,1305801530.8164382
D,127.0,MARSHALL ISLANDS,555349.8493150685,66,69,1050196.9068493152
D,129.0,MAURITANIA,5729884.12328767,93,96,3716094.5616438356
D,130.0,MAURITIUS,1282622807.2383559,125,169,1287582688.3123286
D,132.0,MEXICO,1080252192.5835614,135,152,1081060868.3068492
D,133.0,MICRONESIA,17420349.849315066,70,121,19196196.90684932
D,134.0,MOLDOVA,27102191.832876712,113,123,29440758.60821918
D,135.0,MONACO,32050943.38356164,85,90,31224755.405479457
D,136.0,MONGOLIA,341591421.5095891,95,108,360084107.5287671
D,138.0,MOROCCO,1056928907.6356164,132,142,1055309967.720548
D,139.0,MOZAMBIQUE,1426805867.2849312,183,275,1430389299.9452055
D,140.0,BURMA,1421073025.9013693,163,389,1445950947.369863
D,141.0,NAMIBIA,1226330784.1616437,143,373,1230296230.4383562
D,142.0,NAURU,6144993.684931506,68,140,3777703.7561643836
D,143.0,NEPAL,1425636409.5178077,296,564,1444167308.879452
D,144.0,NETHERLANDS,1211140255.0273974,226,318,1207084157.356164
D,147.0,NEW ZEALAND,1366829807.5616434,176,387,1378413510.690411
D,148.0,NICARAGUA,17420349.849315066,93,102,19196196.90684932
D,149.0,NIGER,75464637.54794522,122,133,77259902.78082192
D,150.0,NIGERIA,1450933769.076712,403,701,1456564901.8684933
D,152.0,NORTH KOREA,259463506.62739727,71,76,275315775.2739726
D,154.0,NORWAY,1152968829.3369865,156,187,1150756588.7616436
D,155.0,OMAN,1134733214.868493,86,90,1136101957.452055
D,156.0,PAKISTAN,1857091851.504109,375,839,1883594759.9671235
D,157.0,PALAU,555349.8493150685,65,68,1050196.9068493152
D,159.0,PANAMA,76383164.09589042,86,98,81049470.33150686
D,160.0,PAPUA NEW GUINEA,236227059.10958904,94,177,240301598.96986303
D,161.0,PARAGUAY,31105969.99178082,86,343,35939024.128767125
D,162.0,PERU,1064973355.7671236,146,413,1060860893.6712329
D,163.0,PHILIPPINES,1726021960.2136981,213,704,1755787323.3369863
D,164.0,POLAND,1185535155.6821916,203,236,1187682779.1095889
D,165.0,PORTUGAL,1217840504.1013699,176,449,1221075503.5315065
D,167.0,QATAR,1143768377.5150683,91,123,1144420677.0904112
D,168.0,REPUBLIC OF IRELAND,1688419917.8849313,358,609,1703714910.6849315
D,170.0,ROMANIA,1213130336.630137,331,604,1218661995.449315
D,171.0,RUSSIA,1230950268.0630136,211,553,1235994773.783562
D,172.0,RWANDA,1024995018.8630139,208,482,1016012524.5890411
D,174.0,ST KITTS-NEVIS,18400951.471232876,74,104,18685139.263013706
D,175.0,ST LUCIA,166559402.75890413,82,114,178196622.90136987
D,176.0,ST VINCENT AND GRENADINES,18705055.02191781,82,113,18877805.958904117
D,177.0,SAMOA,6144993.684931506,70,142,3777703.7561643836
D,178.0,SAN MARINO,1434943.383561644,74,77,2063755.405479452
D,179.0,SAO TOME AND PRINCIPE,5725349.849315068,87,90,3704196.906849315
D,180.0,SAUDI ARABIA,1245194143.3013701,102,123,1249668683.216438
D,181.0,SENEGAL,1468866724.39726,141,153,1480511281.591781
D,182.0,SEYCHELLES,178152099.40547946,97,134,186605380.7753425
D,183.0,SIERRA LEONE,1660279904.0986297,264,691,1673843300.4246578
D,184.0,SINGAPORE,1305100469.416438,137,581,1319626278.5972605
D,185.0,SLOVAKIA,1145743857.3178082,118,129,1149825236.9178083
D,186.0,SLOVENIA,1170908151.287671,117,128,1178680762.7945204
D,187.0,SOLOMON ISLANDS,11968285.63013699,75,161,7984713.038356164
D,188.0,SOMALIA,357301920.7945206,212,219,381438973.8575342
D,189.0,SOUTH AFRICA,1841720065.0410955,483,844,1867549875.331507
D,190.0,SOUTH KOREA,1055893355.2684933,117,424,1052283526.9369863
D,191.0,SPAIN,1232045069.0328765,261,585,1234138115.4054794
D,192.0,SRI LANKA,1706857495.9753423,284,784,1726186116.4082196
D,193.0,SUDAN,1619156129.6520545,199,221,1637521431.8356166
D,194.0,SURINAM,17420349.849315066,75,84,19196196.90684932
D,195.0,SWAZILAND,179122887.40547946,111,149,187612206.76986304
D,196.0,SWEDEN,1212871185.69863,185,215,1216436147.339726
D,197.0,SWITZERLAND,1150730372.6849318,192,233,1140744675.9452052
D,198.0,SYRIA,1276138077.5643833,146,305,1286410917.2328768
D,200.0,TAJIKISTAN,27781097.827397257,83,330,31368022.172602743
D,201.0,TANZANIA,2052412543.1726024,366,824,2097257781.3643837
D,202.0,THAILAND,1306300906.8821914,194,498,1309833435.1534247
D,204.0,TOGO,225378377.67397264,128,138,226394767.96164384
D,205.0,TONGA,23009993.684931505,69,105,21923703.75616439
D,206.0,TRINIDAD AND TOBAGO,1248973196.7041094,108,163,1251960851.6986303
D,207.0,TUNISIA,1002959098.1178085,111,363,999215414.8767124
D,208.0,TURKEY,1265466335.8301368,189,459,1273955109.89863
D,209.0,TURKMENISTAN,330318310.841096,74,87,350108184.8547945
D,211.0,TUVALU,23009993.684931505,70,148,21923703.75616439
D,212.0,UGANDA,1858358310.5726023,468,779,1885107866.4438357
D,213.0,UKRAINE,1294120344.789041,200,520,1302171918.5315068
D,214.0,UNITED ARAB EMIRATES,1247278898.8109589,136,183,1249850477.6958907
D,216.0,UNITED STATES OF AMERICA,1401346472.8465753,516,605,1409782957.0547943
D,217.0,URUGUAY,1041510635.6849316,85,334,1036155759.4684931
D,218.0,UZBEKISTAN,1005419373.2739726,82,91,1000043519.6794521
D,219.0,VANUATU,265133486.83561644,74,106,278124005.12602735
D,221.0,VENEZUELA,1023273071.9150686,97,106,1018426409.0684931
D,222.0,VIETNAM,1159190423.6739726,134,159,1160923312.8273973
D,224.0,YEMEN,1257492453.7232873,106,129,1266043602.1342466
D,225.0,SERBIA,1071160563.9479452,137,385,1072767921.9671233
D,226.0,DEMOCRATIC REPUBLIC OF THE CONGO,1289512808.4136982,193,454,1299899430.6465755
D,227.0,ZAMBIA,1624704759.380822,292,770,1639327411.2602744
D,228.0,ZIMBABWE,1941462961.2356162,298,546,1978657999.4849317
D,233.0,MONTENEGRO,988373185.3835617,98,101,981702734.4054794
D,234.0,SCOTLAND,4182207285.879452,1033,1989,4198652679.9315076
D,235.0,NORTHERN IRELAND,3867096074.676713,727,1492,3865882319.8000007
D,236.0,ANTARCTICA,555349.8493150685,67,70,1050196.9068493152
D,237.0,TIMOR-LESTE,259543843.0,75,80,275396498.2767123
D,238.0,OCCUPIED PALESTINIAN TERRITORIES,1288050193.5808215,132,539,1301380016.7068493
D,239.0,KOSOVO,995522761.6904111,99,109,990285978.0657535
D,240.0,AKROTIRI AND DHEKELIA,555349.8493150685,67,67,1050196.9068493152
D,241.0,AMERICAN SAMOA,10078650.93424658,63,63,9337736.939726027
D,242.0,ANGUILLA,6144993.684931506,66,93,3777703.7561643836
D,243.0,ARUBA,19550166.28767123,64,64,20722153.07123288
D,244.0,BERMUDA,189020047.14246574,72,112,196173267.46027398
D,245.0,BRITISH INDIAN OCEAN TERRITORY,59014747.10958904,64,93,59175511.97534247
D,246.0,BRITISH VIRGIN ISLANDS,153384442.70410958,68,96,159185485.30136988
D,247.0,CAYMAN ISALNDS,156117099.40547946,69,97,165805380.7753425
D,248.0,CHRISTMAS ISLAND,53425103.2739726,61,63,56448005.1260274
D,249.0,CLIPPERTON ISLAND,555349.8493150685,60,60,1050196.9068493152
D,250.0,COCOS (KEELING) ISLANDS,555349.8493150685,60,60,1050196.9068493152
D,251.0,COOK ISLANDS,555349.8493150685,62,62,1050196.9068493152
D,252.0,EASTER  ISLAND,555349.8493150685,60,60,1050196.9068493152
D,253.0,FALKLAND ISLANDS,77043481.61917809,74,104,72192259.67945206
D,254.0,FAROE ISLANDS,1755289.9561643838,71,71,2412795.802739726
D,255.0,FRENCH GUYANA,555349.8493150685,66,66,1050196.9068493152
D,256.0,FRENCH POLYNESIA,53425103.2739726,61,63,56448005.1260274
D,257.0,GIBRALTAR,264102657.78356162,89,121,269671409.54246575
D,258.0,GREENLAND,54304696.80821918,66,68,57461563.624657534
D,259.0,GUADELOUPE,555349.8493150685,64,64,1050196.9068493152
D,260.0,GUAM,555349.8493150685,60,60,1050196.9068493152
D,261.0,GUERNSEY,881634255.2630137,108,274,925004265.6520549
D,262.0,HONG KONG,1273355966.9643834,117,165,1284713244.8767128
D,263.0,ISLE OF MAN,698362753.969863,126,284,718705482.1890411
D,264.0,JAN MAYEN,1434943.383561644,65,65,2063755.405479452
D,265.0,JERSEY,919423195.6712329,114,280,961942627.6027398
D,266.0,JUAN FERNANDEZ ISLANDS,555349.8493150685,59,59,1050196.9068493152
D,267.0,MACAU,166789615.30684933,67,68,176129934.61643836
D,268.0,MARTINIQUE,555349.8493150685,64,64,1050196.9068493152
D,269.0,MAYOTTE,555349.8493150685,66,66,1050196.9068493152
D,270.0,MONTSERRAT,61747403.81095891,67,96,65795407.44931507
D,271.0,NETHERLANDS ANTILLES,22356788.20547945,65,129,22953873.619178087
D,272.0,NEW CALEDONIA,555349.8493150685,60,60,1050196.9068493152
D,273.0,NIUE,555349.8493150685,60,60,1050196.9068493152
D,274.0,NORFOLK ISLAND,555349.8493150685,60,60,1050196.9068493152
D,275.0,NORTHERN MARIANA ISLAND,555349.8493150685,59,59,1050196.9068493152
D,276.0,PITCAIRN ISLANDS,59014747.10958904,61,90,59175511.97534247
D,277.0,PUERTO RICO,17420349.849315066,62,68,19196196.90684932
D,278.0,REUNION,5491788.205479451,70,128,4807873.619178082
D,279.0,ROSS DEPENDENCY,555349.8493150685,60,60,1050196.9068493152
D,280.0,ST BARTHELEMY,555349.8493150685,60,60,1050196.9068493152
D,281.0,ST HELENA,6144993.684931506,71,98,3777703.7561643836
D,282.0,ST MARTIN,555349.8493150685,61,61,1050196.9068493152
D,283.0,ST PIERRE AND MIQUELON,555349.8493150685,61,61,1050196.9068493152
D,284.0,SOUTH GEORGIA,6144993.684931506,64,91,3777703.7561643836
D,285.0,SVALBARD,1434943.383561644,69,69,2063755.405479452
D,286.0,TAIWAN,1232955545.7561643,86,336,1239613254.5972605
D,287.0,TOKELAU,555349.8493150685,59,59,1050196.9068493152
D,288.0,TURKS AND CAICOS ISLANDS,62772719.42739726,69,102,69961015.12054795
D,289.0,U.S. VIRGIN ISLANDS,555349.8493150685,61,61,1050196.9068493152
D,290.0,WALLIS AND FUTUNA,555349.8493150685,59,59,1050196.9068493152
D,293.0,REPUBLIC OF SOUTH SUDAN,1265259035.6849313,81,327,1262806271.7972603
